"Item_Number","Set_Name","Theme","Pieces","Price","Amazon_Price","Year","Ages","Pages","Minifigures","Packaging","Weight","Unique_Pieces","Availability","Size","price","amazon_price"
75241,"Action Battle Echo Base Defence","Star Wars™",504,"$59.99","$48.00",2019,"Ages_8+",112,5,"Box",NA,192,"Retail","Small",59.99,48
30620,"Star-Stuck Emmet",NA,41,NA,NA,2019,"Ages_6+",3,1,"Polybag",NA,29,"Promotional",NA,NA,NA
42114,"6x6 Volvo Articulated Hauler","Technic™",2193,"$249.99","$249.99",2020,"Ages_11+",456,NA,"Box",NA,234,"Retail","Small",249.99,249.99
31093,"Riverside Houseboat","Creator 3-in-1",396,"$39.99","$39.98",2019,"Ages_7+",200,2,"Box","0.67Kg (1.48 lb)",157,"Retail","Small",39.99,39.98
11001,"Bricks and Ideas","Classic",123,"$9.99","$9.97",2019,"Ages_4+",42,NA,NA,"0.17Kg (0.37 lb)",59,NA,"Small",9.99,9.97
42074,"Racing Yacht","Technic™",330,"$39.99","$75.99",2018,"Ages_8-14",156,NA,NA,"0.61Kg (1.34 lb)",83,NA,"Small",39.99,75.99
10265,"Ford Mustang","Creator Expert",1471,"$149.99","$149.99",2019,"Ages_16+",212,NA,"Box",NA,358,"LEGO exclusive","Small",149.99,149.99
75215,"Cloud-Rider Swoop Bikes","Star Wars™",355,"$29.99","$44.69",2018,"Ages_8-14",92,3,"Box","0.37Kg (0.81 lb)",148,NA,"Small",29.99,44.69
71367,"Mario's House & Yoshi","LEGO® Super Mario™",205,"$29.99",NA,2020,"Ages_6+",NA,2,"Box",NA,114,"Retail","Small",29.99,NA
2000455,"FIRST LEGO League Jr. promotional set",NA,NA,NA,NA,2019,"Ages_NA",NA,NA,"Polybag",NA,9,"Not sold",NA,NA,NA
41908,"Extra Dots - Series 1","DOTS",109,"$3.99","$3.99",2020,"Ages_6+",NA,NA,"Foil pack",NA,6,"Retail","Small",3.99,3.99
75271,"Luke Skywalker's Landspeeder","Star Wars™",236,"$29.99","$29.93",2020,"Ages_7+",72,3,"Box",NA,104,NA,"Small",29.99,29.93
75953,"Hogwarts Whomping Willow","Harry Potter™",753,"$69.99","$55.99",2018,"Ages_8-14",148,6,"Box","1.1Kg (2.42 lb)",253,"Retail","Small",69.99,55.99
31100,"Sports Car","Creator 3-in-1",134,"$9.99","$9.84",2020,"Ages_6+",120,NA,"Box",NA,60,"Retail","Small",9.99,9.84
60173,"Mountain Arrest","City",303,"$59.99","$82.99",2018,"Ages_5-12",136,4,"Box","0.76Kg (1.67 lb)",168,"Retail","Small",59.99,82.99
31197,"Andy Warhol's Marilyn Monroe","LEGO® Art",3341,"$119.99","$119.95",2020,"Ages_18+",NA,NA,"Box",NA,27,"LEGO exclusive","Small",119.99,119.95
70436,"Phantom Fire Truck 3000","Hidden Side",760,"$59.99","$59.99",2020,"Ages_9+",148,6,"Box",NA,263,"Retail","Small",59.99,59.99
60252,"Construction Bulldozer","City",126,"$19.99","$15.99",2020,"Ages_4+",84,2,"Box","0.35Kg (0.78 lb)",81,"Retail","Small",19.99,15.99
42090,"Getaway Truck","Technic™",128,"$19.99","$19.99",2019,"Ages_7+",110,NA,"Box","0.31Kg (0.68 lb)",33,"Retail","Small",19.99,19.99
41607,"Gamora","BrickHeadz",136,"$9.99","$12.98",2018,"Ages_10+",48,NA,"Box",NA,51,"Retail","Small",9.99,12.98
70837,"Shimmer & Shine Sparkle Spa!","THE LEGO® MOVIE 2™",694,"$69.99","$45.49",2019,"Ages_7+",128,8,"Box",NA,209,"Retail","Small",69.99,45.49
70821,"Emmet and Benny's 'Build and Fix' Workshop!","THE LEGO® MOVIE 2™",117,"$19.99","$19.98",2019,"Ages_4+",48,2,"Box","0.34Kg (0.75 lb)",73,"Retail","Small",19.99,19.98
41907,"Desk Organiser","DOTS",405,"$19.99","$19.95",2020,"Ages_6+",4,NA,"Plastic canister",NA,44,"Retail","Small",19.99,19.95
41392,"Nature Glamping","Friends",241,"$29.99","$26.99",2020,"Ages_6+",72,2,"Box",NA,110,"Retail","Small",29.99,26.99
41343,"Heartlake City Airplane Tour","Friends",323,NA,NA,2018,"Ages_6-12",100,1,"Box",NA,176,"Retail","Small",NA,NA
41914,"Creative Picture Frames","DOTS",398,"$19.99",NA,2020,"Ages_6+",2,NA,NA,NA,31,"Retail","Small",19.99,NA
75973,"D.Va & Reinhardt","Overwatch®",455,"$39.99","$45.17",2019,"Ages_10+",108,2,"Box","0.59Kg (1.3 lb)",161,"Retail","Small",39.99,45.17
88005,"Headlight Set","Powered UP",1,"$9.99",NA,2018,"Ages_7+",NA,NA,"Polybag","0.01Kg (0.03 lb)",NA,"LEGO exclusive","Small",9.99,NA
70682,"Spinjitzu Slam - Jay","NINJAGO®",72,"$9.99","$14.43",2019,"Ages_7+",44,1,"Box",NA,37,"Retail","Small",9.99,14.43
41160,"Ariel's Castle","Disney™",115,"$24.99","$47.00",2019,"Ages_4+",56,1,NA,"0.31Kg (0.68 lb)",74,NA,"Small",24.99,47
40370,"LEGO® Trains 40th Anniversary Set",NA,188,"$19.99",NA,2020,"Ages_9+",52,1,"Box","0.33Kg (0.72 lb)",73,"LEGO exclusive",NA,19.99,NA
60252,"Construction Bulldozer","City",126,"$19.99","$15.99",2020,"Ages_4+",84,2,"Box","0.35Kg (0.78 lb)",81,"Retail","Small",19.99,15.99
75263,"Resistance Y-wing Microfighter","Star Wars™",86,"$9.99","$8.99",2020,"Ages_6+",40,1,"Box",NA,44,"Retail","Small",9.99,8.99
10756,"Pteranodon Escape","Juniors",84,"$19.99","$25.99",2018,"Ages_4-7",56,2,"Box","0.27Kg (0.59 lb)",60,"Retail","Small",19.99,25.99
30572,"Race Car",NA,68,NA,NA,2019,"Ages_NA",3,NA,"Polybag",NA,31,NA,NA,NA,NA
75938,"T. rex vs Dino-Mech Battle","Jurassic World™",716,"$89.99","$89.95",2019,"Ages_8+",176,4,"Box",NA,254,"Retail","Small",89.99,89.95
10908,"Plane","DUPLO®",12,"$9.99","$23.27",2019,"Ages_2+",10,1,"Box",NA,11,"Retail","Large",9.99,23.27
70671,"Lloyd's Journey","NINJAGO®",81,"$14.99","$19.94",2019,"Ages_6+",36,2,"Box",NA,50,"Retail","Small",14.99,19.94
21144,"The Farm Cottage","Minecraft™",549,"$49.99","$199.95",2018,"Ages_8+",116,3,"Box",NA,157,"Retail","Small",49.99,199.95
40299,"Kessel Mine Worker",NA,22,NA,NA,2018,"Ages_6+",3,1,"Polybag",NA,16,NA,NA,NA,NA
60212,"Barbecue Burn Out","City",64,"$9.99","$8.99",2019,"Ages_4+",28,2,"Box","0.13Kg (0.29 lb)",45,"Retail","Small",9.99,8.99
41414,"Emma's Summer Play Cube",NA,NA,NA,NA,2020,"Ages_NA",NA,NA,NA,NA,45,NA,NA,NA,NA
30620,"Star-Stuck Emmet",NA,41,NA,NA,2019,"Ages_6+",3,1,"Polybag",NA,29,"Promotional",NA,NA,NA
21141,"The Zombie Cave","Minecraft™",241,"$19.99","$16.82",2018,"Ages_7-14",84,3,"Box","0.39Kg (0.86 lb)",88,"Retail","Small",19.99,16.82
41345,"Heartlake City Pet Centre","Friends",474,"$59.99","$159.99",2018,"Ages_6-12",108,3,"Box","0.99Kg (2.18 lb)",234,"Retail","Small",59.99,159.99
71371,"Propeller Mario Power-Up Pack","LEGO® Super Mario™",13,"$9.99",NA,2020,"Ages_6+",NA,NA,"Box",NA,11,"Retail","Small",9.99,NA
70427,"Welcome to the Hidden Side","Hidden Side",189,"$19.99","$15.99",2020,"Ages_7+",68,4,"Box",NA,103,"Retail","Small",19.99,15.99
41393,"Baking Competition","Friends",361,"$39.99","$35.99",2020,"Ages_6+",104,3,"Box",NA,157,"Retail","Small",39.99,35.99
76148,"Spider-Man vs. Doc Ock","Marvel",234,"$19.99","$19.95",2020,"Ages_6+",72,3,"Box",NA,80,"Retail","Small",19.99,19.95
41398,"Stephanie's House","Friends",170,"$39.99",NA,2020,"Ages_4+",92,3,"Box",NA,116,"Retail","Small",39.99,NA
70823,"Emmet's Thricycle!","THE LEGO® MOVIE 2™",174,"$14.99","$16.00",2019,"Ages_7+",84,1,"Box","0.25Kg (0.55 lb)",100,"Retail","Small",14.99,16
70677,"Land Bounty","NINJAGO®",1178,"$129.99","$116.83",2019,"Ages_9+",252,9,"Box",NA,400,"Retail","Small",129.99,116.83
10894,"Toy Story Train","Disney™",21,"$19.99","$15.99",2019,"Ages_2+",8,2,"Box",NA,19,"Retail","Small",19.99,15.99
30393,"Steve and Creeper Set",NA,36,NA,NA,2019,"Ages_NA",3,2,"Polybag",NA,30,NA,NA,NA,NA
30542,"Cute Pug","Creator 3-in-1",68,"$3.99",NA,2018,"Ages_6-12",28,NA,"Polybag",NA,32,"Retail - limited","Small",3.99,NA
41599,"Wonder Woman","BrickHeadz",143,"$9.99",NA,2018,"Ages_10+",40,NA,"Box",NA,54,"Retail","Small",9.99,NA
41432,"Alpaca Mountain Jungle Rescue","Friends",512,"$59.99",NA,2020,"Ages_7+",208,2,"Box",NA,270,"Retail","Small",59.99,NA
2000455,"FIRST LEGO League Jr. promotional set",NA,NA,NA,NA,2019,"Ages_NA",NA,NA,"Polybag",NA,9,"Not sold",NA,NA,NA
75229,"Death Star Escape","Star Wars™",329,"$29.99","$53.75",2019,"Ages_7+",84,4,"Box","0.44Kg (0.97 lb)",110,"Retail","Small",29.99,53.75
10907,"World Animals","DUPLO®",121,"$99.99","$95.65",2019,"Ages_2+",48,6,"Box",NA,75,"Retail","Large",99.99,95.65
30555,"Poppy's Carriage","Trolls World Tour",51,"$4.99",NA,2020,"Ages_6+",3,1,"Polybag",NA,30,"Retail - limited","Small",4.99,NA
21041,"Great Wall of China","Architecture",551,"$49.99","$82.59",2018,"Ages_12+",112,NA,"Box","0.81Kg (1.78 lb)",81,"Retail - limited","Small",49.99,82.59
10894,"Toy Story Train","Disney™",21,"$19.99","$15.99",2019,"Ages_2+",8,2,"Box",NA,19,"Retail","Small",19.99,15.99
70918,"The Bat-Dune Buggy","DC",198,"$19.99","$37.89",2018,"Ages_7-14",64,2,"Box",NA,92,"Retail","Small",19.99,37.89
70646,"Jay - Dragon Master","NINJAGO®",92,"$14.99","$22.00",2018,"Ages_8-14",48,1,"Box",NA,53,"Retail","Small",14.99,22
10894,"Toy Story Train","Disney™",21,"$19.99","$15.99",2019,"Ages_2+",8,2,"Box",NA,19,"Retail","Small",19.99,15.99
41383,"Olivia's Hamster Playground","Friends",81,"$9.99","$19.94",2019,"Ages_6+",40,1,NA,"0.1Kg (0.22 lb)",52,NA,"Small",9.99,19.94
75221,"Imperial Landing Craft","Star Wars™",636,"$89.99","$172.89",2018,"Ages_9-14",108,5,"Box","1.17Kg (2.58 lb)",191,"Retail","Small",89.99,172.89
10868,"Farm Pony Stable","DUPLO®",59,"$29.99","$83.94",2018,"Ages_2-5",25,2,"Box",NA,31,NA,"Large",29.99,83.94
10907,"World Animals","DUPLO®",121,"$99.99","$95.65",2019,"Ages_2+",48,6,"Box",NA,75,"Retail","Large",99.99,95.65
30329,"My First Giraffe",NA,5,NA,NA,2020,"Ages_NA",3,NA,"Polybag",NA,4,NA,NA,NA,NA
41628,"Princess Leia Organa","Star Wars™",124,NA,NA,2018,"Ages_10+",88,NA,"Box",NA,48,"Retail","Small",NA,NA
41345,"Heartlake City Pet Centre","Friends",474,"$59.99","$159.99",2018,"Ages_6-12",108,3,"Box","0.99Kg (2.18 lb)",234,"Retail","Small",59.99,159.99
71021,"Elephant Girl","Minifigures",7,NA,NA,2018,"Ages_5+",20,1,"Foil pack",NA,NA,"Retail","Small",NA,NA
10915,"Alphabet Truck","DUPLO®",36,"$24.99","$21.99",2020,"Ages_1½+",1,2,"Box",NA,35,"Retail","Large",24.99,21.99
75942,"Velociraptor: Biplane Rescue Mission","Jurassic World™",101,"$29.99","$29.95",2020,"Ages_4+",76,2,"Box",NA,72,"Retail","Small",29.99,29.95
21322,"Pirates of Barracuda Bay","Ideas",2545,"$199.99","$199.99",2020,"Ages_16+",460,10,"Box","4.43Kg (9.76 lb)",575,"Retail - limited","Small",199.99,199.99
75930,"Indoraptor Rampage at Lockwood Estate","Jurassic World™",1019,"$129.99","$206.05",2018,"Ages_8-12",176,6,"Box","1.89Kg (4.16 lb)",257,"Retail","Small",129.99,206.05
10897,"My First Minnie Build","Disney™",10,"$9.99","$8.99",2019,"Ages_1½+",10,NA,"Box","0.25Kg (0.55 lb)",9,"Retail","Small",9.99,8.99
70674,"Fire Fang","NINJAGO®",463,"$39.99","$32.00",2019,"Ages_8+",88,4,"Box",NA,175,"Retail","Small",39.99,32
42083,"Bugatti Chiron","Technic™",3599,"$349.99","$339.95",2018,"Ages_16+",633,NA,"Box","5.92Kg (13.04 lb)",306,"Retail","Small",349.99,339.95
71043,"Hogwarts Castle","Harry Potter™",6020,"$399.99","$399.99",2018,"Ages_16+",636,28,"Box",NA,624,"LEGO exclusive","Small",399.99,399.99
21047,"Las Vegas","Architecture",501,"$39.99","$49.99",2018,"Ages_12+",108,NA,"Box",NA,123,"Retail","Small",39.99,49.99
21315,"Pop-Up Book","Ideas",859,"$69.99","$88.95",2018,"Ages_12+",164,5,"Box",NA,211,"Retail","Small",69.99,88.95
40313,"Bicycles","Xtra",21,"$3.99",NA,2018,"Ages_6+",NA,NA,"Polybag","0.01Kg (0.03 lb)",13,"LEGO exclusive","Small",3.99,NA
41168,"Elsa's Jewellery Box","LEGO® Frozen 2",300,"$39.99","$31.99",2019,"Ages_6+",96,1,"Box",NA,89,"Retail","Small",39.99,31.99
40293,"Christmas Carousel",NA,251,"$14.99",NA,2018,"Ages_7+",48,NA,"Box",NA,73,"Promotional",NA,14.99,NA
31076,"Daredevil Stunt Plane","Creator 3-in-1",200,"$19.99","$35.00",2018,"Ages_7-12",120,1,"Box",NA,86,"Retail","Small",19.99,35
75292,"The Razor Crest","Star Wars™",1023,"$129.99","$129.99",2020,"Ages_10+",NA,2,"Box",NA,277,"Retail","Small",129.99,129.99
41360,"Emma's Mobile Veterinary Clinic","Friends",50,"$9.99","$8.99",2019,"Ages_4+",28,1,NA,"0.1Kg (0.22 lb)",35,NA,"Small",9.99,8.99
71705,"Destiny's Bounty","NINJAGO®",1781,"$129.99",NA,2020,"Ages_9+",316,7,"Box",NA,479,"Retail","Small",129.99,NA
88007,"Distance Sensor","Powered UP",1,"$13.99",NA,2019,"Ages_7+",NA,NA,NA,NA,1,NA,"Small",13.99,NA
11010,"White Baseplate","Classic",1,"$7.99","$7.86",2020,"Ages_4+",1,NA,"Shrink-wrapped",NA,1,"Retail","Small",7.99,7.86
75946,"Hungarian Horntail Triwizard Challenge","Harry Potter™",265,"$29.99","$23.99",2019,"Ages_8+",52,4,"Box",NA,101,"Retail","Small",29.99,23.99
4000034,"LEGO System House",NA,NA,NA,NA,2019,"Ages_NA",NA,NA,"Box",NA,NA,"Not sold",NA,NA,NA
41607,"Gamora","BrickHeadz",136,"$9.99","$12.98",2018,"Ages_10+",48,NA,"Box",NA,51,"Retail","Small",9.99,12.98
60171,"Mountain Fugitives","City",88,"$9.99","$16.49",2018,"Ages_5-12",36,4,"Box",NA,61,"Retail","Small",9.99,16.49
80101,"Chinese New Year's Eve Dinner",NA,615,NA,NA,2019,"Ages_8+",128,6,"Box",NA,167,"Retail - limited",NA,NA,NA
30366,"Police Car",NA,37,NA,NA,2020,"Ages_5+",3,1,"Polybag","0.03Kg (0.07 lb)",23,"Retail - limited",NA,NA,NA
70826,"Rex's Rex-treme Offroader!","THE LEGO® MOVIE 2™",236,"$29.99","$16.99",2019,"Ages_7+",132,2,"Box","0.44Kg (0.97 lb)",109,"Retail","Small",29.99,16.99
30357,"Road Worker","City",58,"$3.99",NA,2018,"Ages_5-12",3,1,"Polybag","0.04Kg (0.08 lb)",33,"Retail - limited","Small",3.99,NA
70841,"Benny's Space Squad","THE LEGO® MOVIE 2™",68,"$9.99","$19.88",2019,"Ages_5+",32,5,"Box","0.09Kg (0.2 lb)",53,"Retail","Small",9.99,19.88
60201,"City Advent Calendar","City",313,"$29.99","$33.99",2018,"Ages_5-12",4,6,"Box","0.43Kg (0.94 lb)",194,"Retail","Small",29.99,33.99
30536,"Combo Charger",NA,NA,NA,NA,2020,"Ages_NA",3,NA,"Polybag",NA,35,NA,NA,NA,NA
76098,"Speed Force Freeze Pursuit","DC",271,"$29.99","$119.95",2018,"Ages_6-12",80,4,"Box","0.46Kg (1 lb)",138,"Retail","Small",29.99,119.95
75199,"General Grievous' Combat Speeder","Star Wars™",157,"$29.99","$74.90",2018,"Ages_7-12",60,2,"Box","0.3Kg (0.66 lb)",76,"Retail","Small",29.99,74.9
10922,"Ariel's Undersea Castle","Disney™",35,"$29.99",NA,2020,"Ages_2+",20,1,"Box",NA,27,"Retail","Small",29.99,NA
75976,"Wrecking Ball","Overwatch®",227,"$19.99","$19.99",2019,"Ages_9+",84,1,"Box",NA,78,"Retail","Small",19.99,19.99
40198,"LEGO Ludo Game",NA,389,NA,NA,2018,"Ages_7+",64,8,"Box","0.75Kg (1.66 lb)",114,"LEGO exclusive",NA,NA,NA
60268,"City Advent Calendar","City",342,"$29.99",NA,2020,"Ages_5+",NA,NA,"Box",NA,183,"Retail","Small",29.99,NA
75272,"Sith TIE Fighter","Star Wars™",470,"$79.99","$79.95",2020,"Ages_9+",104,3,"Box",NA,127,"Retail","Small",79.99,79.95
76095,"Black Manta Strike","DC",235,NA,NA,2018,"Ages_7-12",72,3,"Box",NA,105,NA,"Small",NA,NA
70642,"Killow vs. Samurai X","NINJAGO®",556,"$49.99","$159.98",2018,"Ages_8-14",128,3,"Box",NA,220,"Retail","Small",49.99,159.98
30325,"My First Dinosaur","DUPLO®",7,"$3.49",NA,2018,"Ages_1½-3",7,NA,"Polybag",NA,6,NA,"Large",3.49,NA
42102,"Mini CLAAS XERION","Technic™",130,"$12.99","$12.99",2020,"Ages_7+",56,NA,"Box",NA,45,"Retail","Small",12.99,12.99
75199,"General Grievous' Combat Speeder","Star Wars™",157,"$29.99","$74.90",2018,"Ages_7-12",60,2,"Box","0.3Kg (0.66 lb)",76,"Retail","Small",29.99,74.9
30385,"Super Mushroom Surprise",NA,18,"$4.99",NA,2020,"Ages_6+",NA,NA,"Polybag",NA,15,"Retail - limited",NA,4.99,NA
41153,"Ariel's Royal Celebration Boat","Disney™",380,"$49.99","$82.75",2018,"Ages_6-12",108,2,"Box","0.65Kg (1.43 lb)",156,"Retail","Small",49.99,82.75
41394,"Heartlake City Hospital","Friends",379,"$49.99","$48.53",2020,"Ages_6+",132,3,"Box",NA,154,"Retail","Small",49.99,48.53
41414,"Emma's Summer Play Cube",NA,NA,NA,NA,2020,"Ages_NA",NA,NA,NA,NA,45,NA,NA,NA,NA
31095,"Fairground Carousel","Creator 3-in-1",595,"$49.99","$40.00",2019,"Ages_8+",236,3,"Box",NA,223,"Retail","Small",49.99,40
80102,"Dragon Dance",NA,622,NA,NA,2019,"Ages_9+",80,5,"Box",NA,109,"Retail - limited",NA,NA,NA
30571,"Pelican",NA,62,NA,NA,2019,"Ages_6+",3,NA,"Polybag","0.04Kg (0.08 lb)",33,"Retail - limited",NA,NA,NA
41619,"Darth Vader","Star Wars™",104,"$9.99","$48.98",2018,"Ages_10+",40,NA,"Box",NA,41,"Retail","Small",9.99,48.98
30571,"Pelican",NA,62,NA,NA,2019,"Ages_6+",3,NA,"Polybag","0.04Kg (0.08 lb)",33,"Retail - limited",NA,NA,NA
41598,"The Flash","DC",122,"$9.99","$43.95",2018,"Ages_10+",40,NA,"Box",NA,47,"Retail","Small",9.99,43.95
70658,"Oni Titan","NINJAGO®",522,"$49.99","$94.80",2018,"Ages_8-14",96,4,"Box","0.76Kg (1.67 lb)",183,NA,"Small",49.99,94.8
21141,"The Zombie Cave","Minecraft™",241,"$19.99","$16.82",2018,"Ages_7-14",84,3,"Box","0.39Kg (0.86 lb)",88,"Retail","Small",19.99,16.82
41387,"Olivia's Summer Heart Box","Friends",93,"$7.99","$7.99",2019,"Ages_6+",40,2,"Other",NA,48,"Retail","Small",7.99,7.99
30550,"Easter Bunny",NA,67,"$4.99",NA,2020,"Ages_6+",3,NA,"Polybag","0.04Kg (0.09 lb)",33,"Retail - limited",NA,4.99,NA
75940,"Gallimimus and Pteranodon Breakout","Jurassic World™",391,"$49.99","$49.95",2020,"Ages_7+",112,3,"Box",NA,170,"Retail","Small",49.99,49.95
10906,"Tropical Island","DUPLO®",73,"$59.99","$59.99",2019,"Ages_2+",40,3,"Box",NA,44,"Retail","Large",59.99,59.99
40375,"Sports Accessories","Xtra",36,"$3.99",NA,2020,"Ages_6+",3,NA,"Polybag","0.02Kg (0.05 lb)",20,"LEGO exclusive","Small",3.99,NA
41912,"Love Birds Bracelet","DOTS",33,"$4.99","$4.99",2020,"Ages_6+",NA,NA,"Foil pack",NA,10,"Retail","Small",4.99,4.99
21154,"The Blaze Bridge","Minecraft™",372,"$29.99","$24.00",2019,"Ages_8+",108,3,"Box",NA,127,"Retail","Small",29.99,24
31098,"Outback Cabin","Creator 3-in-1",305,"$29.99",NA,2019,"Ages_7+",196,2,"Box","0.54Kg (1.19 lb)",141,"Retail","Small",29.99,NA
31200,"Star Wars The Sith","LEGO® Art",3406,"$119.99","$119.99",2020,"Ages_18+",NA,NA,"Box",NA,32,"LEGO exclusive","Small",119.99,119.99
10761,"The Great Home Escape","Juniors",178,"$29.99","$59.98",2018,"Ages_4-7",76,4,"Box",NA,123,"Retail","Small",29.99,59.98
31085,"Mobile Stunt Show","Creator 3-in-1",581,"$49.99","$61.99",2018,"Ages_8-12",224,2,"Box",NA,212,"Retail","Small",49.99,61.99
41454,"Dr. Fox Laboratory","Unikitty!™",359,"$29.99","$35.50",2018,"Ages_6-12",132,4,"Box","0.52Kg (1.15 lb)",163,"Retail","Small",29.99,35.5
31076,"Daredevil Stunt Plane","Creator 3-in-1",200,"$19.99","$35.00",2018,"Ages_7-12",120,1,"Box",NA,86,"Retail","Small",19.99,35
41155,"Elsa's Market Adventure","Disney™",125,"$19.99","$21.99",2018,"Ages_5-12",48,2,"Box","0.22Kg (0.48 lb)",78,"Retail","Small",19.99,21.99
70637,"Cole - Spinjitzu Master","NINJAGO®",73,"$9.99","$18.99",2018,"Ages_6-14",32,1,"Box",NA,40,"Retail","Small",9.99,18.99
75288,"AT-AT","Star Wars™",1267,"$159.99","$237.90",2020,"Ages_10+",188,NA,"Box",NA,285,"Retail","Small",159.99,237.9
41258,"Vibe City Concert","Trolls World Tour",494,"$59.99",NA,2020,"Ages_6+",204,NA,"Box",NA,216,"Retail","Small",59.99,NA
40370,"LEGO® Trains 40th Anniversary Set",NA,188,"$19.99",NA,2020,"Ages_9+",52,1,"Box","0.33Kg (0.72 lb)",73,"LEGO exclusive",NA,19.99,NA
10761,"The Great Home Escape","Juniors",178,"$29.99","$59.98",2018,"Ages_4-7",76,4,"Box",NA,123,"Retail","Small",29.99,59.98
70437,"Mystery Castle","Hidden Side",1035,"$99.99","$99.99",2020,"Ages_9+",296,5,"Box",NA,335,"Retail","Small",99.99,99.99
10872,"Train Bridge and Tracks","DUPLO®",26,"$24.99","$21.99",2018,"Ages_2-5",16,1,"Box","0.88Kg (1.95 lb)",10,"Retail","Large",24.99,21.99
10714,"Blue Baseplate","Classic",1,"$7.99","$13.48",2018,"Ages_4-99",NA,NA,NA,"0.1Kg (0.22 lb)",1,"Retail","Small",7.99,13.48
10917,"Fire Truck","DUPLO®",6,"$6.99","$6.29",2020,"Ages_1½+",3,NA,"Box with backing card","0.15Kg (0.33 lb)",6,"Retail","Large",6.99,6.29
40302,"Become my City Hero",NA,85,NA,NA,2018,"Ages_NA",3,1,"Polybag",NA,46,"Retail - limited",NA,NA,NA
40285,"Scarecrow",NA,24,NA,NA,2018,"Ages_NA",3,NA,"Polybag",NA,15,"LEGO exclusive",NA,NA,NA
21314,"TRON: Legacy","Ideas",230,"$34.99","$78.95",2018,"Ages_10+",68,3,"Box",NA,73,"Retail - limited","Small",34.99,78.95
41368,"Andrea's Talent Show","Friends",492,"$49.99","$53.94",2019,"Ages_7+",124,2,NA,"0.72Kg (1.59 lb)",184,NA,"Small",49.99,53.94
10878,"Rapunzel's Tower","DUPLO®",37,"$29.99","$98.99",2018,"Ages_2-5",24,1,"Box",NA,26,NA,"Large",29.99,98.99
30498,"Imperial AT-Hauler",NA,49,NA,NA,2018,"Ages_NA",3,NA,"Polybag",NA,23,NA,NA,NA,NA
30364,"Popcorn Cart",NA,43,NA,NA,2019,"Ages_5+",3,1,"Polybag","0.04Kg (0.09 lb)",26,"Retail",NA,NA,NA
40366,"LEGO House Dinosaurs",NA,864,NA,NA,2019,"Ages_10+",188,NA,"Box",NA,230,"LEGO exclusive",NA,NA,NA
75550,"Minions Kung Fu Battle",NA,310,NA,NA,2020,"Ages_NA",NA,NA,"Box",NA,NA,"Retail",NA,NA,NA
70831,"Emmet's Dream House/Rescue Rocket!","THE LEGO® MOVIE 2™",706,"$69.99","$86.89",2019,"Ages_8+",260,4,"Box","1.14Kg (2.51 lb)",197,"Retail","Small",69.99,86.89
10758,"T. Rex Breakout","Juniors",150,"$49.99","$70.78",2018,"Ages_4-7",76,3,"Box","0.67Kg (1.48 lb)",98,"Retail","Small",49.99,70.78
41154,"Cinderella's Dream Castle","Disney™",585,"$69.99","$158.90",2018,"Ages_6-12",132,2,"Box","1.14Kg (2.51 lb)",218,"Retail","Small",69.99,158.9
75222,"Betrayal at Cloud City","Star Wars™",2812,"$349.99","$668.18",2018,"Ages_14+",388,19,"Box",NA,676,"LEGO exclusive","Small",349.99,668.18
30614,"Lex Luthor",NA,4,NA,NA,2018,"Ages_NA",NA,1,"Polybag",NA,4,NA,NA,NA,NA
21311,"Voltron","Ideas",2321,"$179.99","$388.99",2018,"Ages_16+",92,NA,"Box",NA,471,"Retail - limited","Small",179.99,388.99
75224,"Sith Infiltrator Microfighter","Star Wars™",92,"$9.99","$23.40",2019,"Ages_6+",40,1,"Box","0.1Kg (0.22 lb)",45,"Retail","Small",9.99,23.4
75939,"Dr. Wu's Lab: Baby Dinosaurs Breakout","Jurassic World™",164,"$19.99","$19.95",2020,"Ages_6+",64,2,"Box",NA,100,"Retail","Small",19.99,19.95
30555,"Poppy's Carriage","Trolls World Tour",51,"$4.99",NA,2020,"Ages_6+",3,1,"Polybag",NA,30,"Retail - limited","Small",4.99,NA
30364,"Popcorn Cart",NA,43,NA,NA,2019,"Ages_5+",3,1,"Polybag","0.04Kg (0.09 lb)",26,"Retail",NA,NA,NA
21141,"The Zombie Cave","Minecraft™",241,"$19.99","$16.82",2018,"Ages_7-14",84,3,"Box","0.39Kg (0.86 lb)",88,"Retail","Small",19.99,16.82
75225,"Elite Praetorian Guard Battle Pack","Star Wars™",109,"$14.99","$34.75",2019,"Ages_6+",40,4,"Box","0.12Kg (0.26 lb)",52,"Retail","Small",14.99,34.75
21043,"San Francisco","Architecture",565,"$49.99","$46.99",2019,"Ages_12+",128,NA,"Box",NA,163,"Retail","Small",49.99,46.99
75267,"Mandalorian Battle Pack","Star Wars™",102,"$14.99","$13.47",2020,"Ages_6+",44,4,"Box",NA,59,"Retail","Small",14.99,13.47
30450,"Royal Talon Fighter","Marvel",59,"$3.99",NA,2018,"Ages_6-12",3,NA,"Polybag",NA,25,"Retail - limited","Small",3.99,NA
43179,"Mickey Mouse and Minnie Mouse","Disney™",1739,"$179.99",NA,2020,"Ages_18+",236,NA,"Box",NA,420,"LEGO exclusive","Small",179.99,NA
60256,"Racing Cars","City",190,"$29.99","$23.99",2020,"Ages_5+",84,2,"Box","0.34Kg (0.75 lb)",101,"Retail","Small",29.99,23.99
40362,"Battle of Endor","Star Wars™",197,"$14.99",NA,2019,"Ages_8+",1,NA,"Box",NA,40,"Promotional","Small",14.99,NA
10874,"Steam Train","DUPLO®",59,"$59.99","$53.99",2018,"Ages_2-5",48,2,"Box","1.5Kg (3.3 lb)",38,"Retail","Large",59.99,53.99
40376,"Botanical Accessories","Xtra",32,"$3.99",NA,2020,"Ages_6+",3,NA,"Polybag","0.02Kg (0.05 lb)",17,"LEGO exclusive","Small",3.99,NA
75206,"Jedi and Clone Troopers Battle Pack","Star Wars™",102,"$14.99","$37.50",2018,"Ages_6-12",32,3,"Box","0.13Kg (0.29 lb)",54,"Retail","Small",14.99,37.5
10901,"Fire Truck","DUPLO®",21,"$19.99","$17.99",2019,"Ages_2+",10,2,"Box","0.45Kg (0.99 lb)",16,"Retail","Large",19.99,17.99
42079,"Heavy Duty Forklift","Technic™",592,"$69.99","$124.99",2018,"Ages_9-16",232,NA,"Box","1.25Kg (2.75 lb)",109,"Retail","Small",69.99,124.99
75946,"Hungarian Horntail Triwizard Challenge","Harry Potter™",265,"$29.99","$23.99",2019,"Ages_8+",52,4,"Box",NA,101,"Retail","Small",29.99,23.99
60274,"Elite Police Lighthouse Capture",NA,189,NA,NA,2020,"Ages_5+",100,2,"Box","0.38Kg (0.84 lb)",108,"Retail",NA,NA,NA
40313,"Bicycles","Xtra",21,"$3.99",NA,2018,"Ages_6+",NA,NA,"Polybag","0.01Kg (0.03 lb)",13,"LEGO exclusive","Small",3.99,NA
31103,"Rocket Truck","Creator 3-in-1",198,"$19.99","$16.99",2020,"Ages_7+",148,NA,"Box",NA,90,"Retail","Small",19.99,16.99
30367,"Police Helicopter",NA,39,NA,NA,2020,"Ages_5+",3,1,"Polybag",NA,31,"Retail - limited",NA,NA,NA
30363,"Race Boat",NA,34,NA,NA,2019,"Ages_5+",3,1,"Polybag","0.03Kg (0.07 lb)",29,"Retail - limited",NA,NA,NA
31089,"Sunset Track Racer","Creator 3-in-1",221,"$19.99","$17.97",2019,"Ages_7+",144,NA,"Box","0.38Kg (0.84 lb)",81,"Retail","Small",19.99,17.97
21311,"Voltron","Ideas",2321,"$179.99","$388.99",2018,"Ages_16+",92,NA,"Box",NA,471,"Retail - limited","Small",179.99,388.99
41383,"Olivia's Hamster Playground","Friends",81,"$9.99","$19.94",2019,"Ages_6+",40,1,NA,"0.1Kg (0.22 lb)",52,NA,"Small",9.99,19.94
70684,"Spinjitzu Slam - Kai vs. Samurai","NINJAGO®",164,"$19.99","$21.87",2019,"Ages_8+",76,2,"Box",NA,67,"Retail","Small",19.99,21.87
70432,"Haunted Fairground","Hidden Side",466,"$49.99","$39.99",2020,"Ages_8+",124,5,"Box",NA,212,"Retail","Small",49.99,39.99
41611,"Marty McFly & Doc Brown","BrickHeadz",240,"$19.99",NA,2018,"Ages_10+",69,NA,"Box",NA,73,NA,"Small",19.99,NA
70421,"El Fuego's Stunt Truck","Hidden Side",428,"$39.99","$27.85",2019,"Ages_8+",156,4,"Box",NA,198,"Retail","Small",39.99,27.85
30403,"Olivia's Remote Control Boat","Friends",25,"$3.99",NA,2018,"Ages_6-10",3,1,"Polybag",NA,23,"Retail - limited","Small",3.99,NA
76113,"Spider-Man Bike Rescue","Marvel",235,"$19.99","$31.85",2019,"Ages_6+",92,3,"Box","0.34Kg (0.75 lb)",98,"Retail","Small",19.99,31.85
10261,"Roller Coaster","Creator Expert",4124,"$379.99","$379.95",2018,"Ages_16+",440,11,"Box","5.8Kg (12.78 lb)",556,"Retail - limited","Small",379.99,379.95
41395,"Friendship Bus","Friends",778,"$69.99","$69.95",2020,"Ages_8+",236,3,"Box",NA,286,"Retail","Small",69.99,69.95
30574,"Cat",NA,55,NA,NA,2020,"Ages_6+",3,NA,"Polybag","0.03Kg (0.07 lb)",21,"Retail - limited",NA,NA,NA
30367,"Police Helicopter",NA,39,NA,NA,2020,"Ages_5+",3,1,"Polybag",NA,31,"Retail - limited",NA,NA,NA
70665,"The Samurai Mech","NINJAGO®",154,"$14.99","$14.99",2019,"Ages_7+",48,3,"Box","0.16Kg (0.35 lb)",71,"Retail","Small",14.99,14.99
30464,"El Fuego's Stunt Cannon",NA,NA,NA,NA,2020,"Ages_NA",3,1,"Polybag",NA,28,NA,NA,NA,NA
41154,"Cinderella's Dream Castle","Disney™",585,"$69.99","$158.90",2018,"Ages_6-12",132,2,"Box","1.14Kg (2.51 lb)",218,"Retail","Small",69.99,158.9
60247,"Forest Fire","City",84,"$9.99","$8.99",2020,"Ages_5+",56,1,"Box","0.13Kg (0.3 lb)",49,"Retail","Small",9.99,8.99
41362,"Heartlake City Supermarket","Friends",140,"$29.99","$32.97",2019,"Ages_4+",68,2,"Box",NA,90,"Retail","Small",29.99,32.97
41614,"Owen & Blue","BrickHeadz",234,"$19.99",NA,2018,"Ages_10+",77,NA,"Box",NA,82,NA,"Small",19.99,NA
10749,"Mia's Organic Food Market","Friends",115,"$19.99","$24.49",2018,"Ages_4-7",56,1,"Box",NA,70,"Retail","Small",19.99,24.49
41251,"Poppy's Pod","Trolls World Tour",103,"$19.99","$16.82",2020,"Ages_4+",68,1,"Box",NA,70,"Retail","Small",19.99,16.82
30357,"Road Worker","City",58,"$3.99",NA,2018,"Ages_5-12",3,1,"Polybag","0.04Kg (0.08 lb)",33,"Retail - limited","Small",3.99,NA
41917,"Magic Forest Bracelet","DOTS",33,"$4.99","$4.99",2020,"Ages_6+",NA,NA,"Foil pack",NA,9,"Retail","Small",4.99,4.99
75233,"Droid Gunship","Star Wars™",389,"$49.99","$149.99",2019,"Ages_8+",84,3,"Box","0.65Kg (1.43 lb)",150,"Retail","Small",49.99,149.99
76117,"Batman Mech vs. Poison Ivy Mech","Batman™",375,"$39.99","$61.94",2019,"Ages_7+",92,4,"Box","0.55Kg (1.21 lb)",173,"Retail","Small",39.99,61.94
76143,"Avengers Truck Take-down","Marvel",477,"$39.99","$39.95",2020,"Ages_7+",116,4,"Box",NA,164,"Retail","Small",39.99,39.95
75193,"Millennium Falcon Microfighter","Star Wars™",92,"$9.99","$48.90",2018,"Ages_6-12",44,1,"Box","0.11Kg (0.25 lb)",48,"Retail","Small",9.99,48.9
10765,"Ariel's Underwater Concert","Juniors",92,"$14.99","$30.48",2018,"Ages_4-7",40,1,"Box",NA,55,NA,"Small",14.99,30.48
41637,"Sweet Mayhem",NA,137,NA,NA,2019,"Ages_10+",40,NA,"Box",NA,60,"Retail - limited",NA,NA,NA
10869,"Farm Adventures","DUPLO®",104,"$59.99","$299.99",2018,"Ages_2-5",40,3,"Box",NA,42,NA,"Large",59.99,299.99
41380,"Lighthouse Rescue Centre","Friends",602,"$59.99","$47.99",2019,"Ages_6+",180,2,"Box",NA,273,"Retail","Small",59.99,47.99
30367,"Police Helicopter",NA,39,NA,NA,2020,"Ages_5+",3,1,"Polybag",NA,31,"Retail - limited",NA,NA,NA
30550,"Easter Bunny",NA,67,"$4.99",NA,2020,"Ages_6+",3,NA,"Polybag","0.04Kg (0.09 lb)",33,"Retail - limited",NA,4.99,NA
41344,"Andrea's Accessories Store","Friends",294,"$29.99","$48.11",2018,"Ages_6-12",84,2,"Box","0.51Kg (1.12 lb)",128,"Retail","Small",29.99,48.11
40332,"Penguin",NA,47,NA,NA,2019,"Ages_NA",3,NA,"Polybag",NA,24,"Not sold",NA,NA,NA
10762,"Belle's Story Time","Juniors",87,"$14.99","$33.50",2018,"Ages_4-7",44,2,"Box",NA,66,"Retail","Small",14.99,33.5
31088,"Deep Sea Creatures","Creator 3-in-1",230,"$14.99","$12.93",2019,"Ages_7+",176,NA,"Box","0.31Kg (0.68 lb)",83,"Retail","Small",14.99,12.93
60220,"Garbage Truck","City",90,"$19.99","$16.36",2019,"Ages_4+",40,2,"Box","0.31Kg (0.69 lb)",52,"Retail","Small",19.99,16.36
41409,"Emma's Play Cube - Toy Store","Friends",49,"$9.99","$16.86",2020,"Ages_6+",5,1,"Box",NA,42,"Retail","Small",9.99,16.86
41637,"Sweet Mayhem",NA,137,NA,NA,2019,"Ages_10+",40,NA,"Box",NA,60,"Retail - limited",NA,NA,NA
43173,"Aurora's Royal Carriage","Disney™",62,"$9.99","$9.72",2020,"Ages_5+",28,1,"Box",NA,35,"Retail","Small",9.99,9.72
21153,"The Wool Farm","Minecraft™",260,"$19.99","$16.99",2019,"Ages_7+",80,1,"Box",NA,81,"Retail","Small",19.99,16.99
40280,"Tractor",NA,38,NA,NA,2018,"Ages_NA",3,NA,"Polybag",NA,25,"LEGO exclusive",NA,NA,NA
10765,"Ariel's Underwater Concert","Juniors",92,"$14.99","$30.48",2018,"Ages_4-7",40,1,"Box",NA,55,NA,"Small",14.99,30.48
75210,"Moloch's Landspeeder","Star Wars™",464,"$39.99","$48.99",2018,"Ages_8-12",144,2,"Box","0.65Kg (1.43 lb)",163,"Retail","Small",39.99,48.99
10867,"Farmers' Market","DUPLO®",26,"$19.99","$36.99",2018,"Ages_2-5",9,3,"Box",NA,18,NA,"Large",19.99,36.99
40273,"Thanksgiving Turkey","BrickHeadz",114,"$9.99",NA,2018,"Ages_10+",32,NA,"Box","0.14Kg (0.3 lb)",48,"LEGO exclusive","Small",9.99,NA
41369,"Mia's House","Friends",715,"$69.99","$62.99",2019,"Ages_6+",192,3,NA,"1.12Kg (2.47 lb)",274,NA,"Small",69.99,62.99
10859,"My First Ladybird","DUPLO®",6,"$4.99","$16.00",2018,"Ages_1½-3",9,NA,"Box",NA,5,"Retail","Large",4.99,16
41168,"Elsa's Jewellery Box","LEGO® Frozen 2",300,"$39.99","$31.99",2019,"Ages_6+",96,1,"Box",NA,89,"Retail","Small",39.99,31.99
10932,"Wrecking Ball Demolition","DUPLO®",56,"$59.99",NA,2020,"Ages_2+",32,3,"Box",NA,41,"Retail","Large",59.99,NA
41427,"Emma's Fashion Shop","Friends",343,"$29.99","$29.95",2020,"Ages_6+",112,2,"Box",NA,152,"Retail","Small",29.99,29.95
40287,"Sleigh",NA,64,NA,NA,2018,"Ages_NA",3,NA,"Polybag",NA,36,"LEGO exclusive",NA,NA,NA
30368,"Fire Rescue Water Scooter",NA,33,NA,NA,2020,"Ages_5+",3,1,"Polybag","0.04Kg (0.09 lb)",26,"Retail - limited",NA,NA,NA
71722,"Skull Sorcerer's Dungeons","NINJAGO®",1171,"$99.99",NA,2020,"Ages_9+",256,8,"Box",NA,425,"Retail","Small",99.99,NA
75964,"Harry Potter Advent Calendar","Harry Potter™",305,"$39.99","$43.99",2019,"Ages_7+",3,8,"Box",NA,151,"Retail","Small",39.99,43.99
45680,"Expansion Set","LEGO® Education",603,"$99.95",NA,2020,"Ages_10+",NA,NA,"Box",NA,103,"Educational","Small",99.95,NA
60194,"Arctic Scout Truck","City",322,"$59.99","$74.49",2018,"Ages_7-12",100,3,"Box","0.72Kg (1.59 lb)",148,"Retail","Small",59.99,74.49
75259,"Snowspeeder – 20th Anniversary Edition","Star Wars™",309,"$39.99","$89.00",2019,"Ages_7+",116,4,"Box",NA,159,"Retail","Small",39.99,89
60171,"Mountain Fugitives","City",88,"$9.99","$16.49",2018,"Ages_5-12",36,4,"Box",NA,61,"Retail","Small",9.99,16.49
76090,"Mighty Micros: Star-Lord vs. Nebula","Marvel",86,"$9.99","$19.49",2018,"Ages_5-12",7,2,"Box",NA,45,"Retail","Small",9.99,19.49
